id;start_date;end_date;language
1;2021-08-05T06:15:42;2021-08-05T04:05:57;SPANISH
2;2021-08-04T15:43:17;2021-08-05T01:08:46;ENGLISH
3;2021-08-05T01:39:29;2021-08-04T13:44:37;RUSSIAN
4;2021-08-05T06:10:18;2021-08-04T11:36:37;FRENCH
5;2021-08-05T08:26:41;2021-08-04T16:45:39;ENGLISH
6;2021-08-04T17:57:24;2021-08-05T07:57:44;RUSSIAN
7;2021-08-05T02:01:12;2021-08-04T12:35:21;ENGLISH
8;2021-08-04T16:27:05;2021-08-04T13:02:54;FRENCH
9;2021-08-04T17:18:43;2021-08-05T04:50:09;ENGLISH
10;2021-08-04T13:15:41;2021-08-05T06:13:10;FRENCH
